scrip_code,big_ord_client_id,big_ord_member_code,big_order_type,order_id
555835,2C030,42,SELL,1.9007E+15
555835,Y2V44,46,SELL,2.3003E+15
555835,T7OS24,514,SELL,4.91202E+16
555835,41001,3048,BUY,3.02501E+17
555835,P11101,3053,BUY,3.0302E+17
